{
  "usuarios": [
    {
      "username": "deni",
      "nombre": "denisse",
      "apellido": "fuentes",
      "email": "deni@gmail.com",
      "edad": 20,
      "password": "12345678",
      "jornada": "Diurno",
      "asignatura1": "lenguaje",
      "asignatura2": "matematica",
      "ano": [
        "4hrs"
      ],
      "semestre": [
        "segundo"
      ],
      "horas_sem_asig1": [
        "2hrs"
      ],
      "horas_sem_asig2": [
        "4hrs"
      ],
      "id": 3
    },
    {
      "username": "",
      "nombre": "",
      "apellido": "",
      "email": "",
      "edad": 0,
      "password": "",
      "jornada": "",
      "asignatura1": "",
      "asignatura2": "",
      "ano": 0,
      "semestre": "",
      "horas_sem_asig1": 0,
      "horas_sem_asig2": 0,
      "id": 4
    },
    {
      "username": "",
      "nombre": "",
      "apellido": "",
      "email": "",
      "edad": 0,
      "password": "",
      "jornada": "",
      "asignatura1": "",
      "asignatura2": "",
      "ano": 0,
      "semestre": [],
      "horas_sem_asig1": 0,
      "horas_sem_asig2": 0,
      "id": 5
    },
    {
      "username": "",
      "nombre": "",
      "apellido": "",
      "email": "",
      "edad": 0,
      "password": "",
      "jornada": "",
      "asignatura1": "",
      "asignatura2": "",
      "ano": 0,
      "semestre": "",
      "horas_sem_asig1": 0,
      "horas_sem_asig2": 0,
      "id": 6
    }
  ]
}